1.000000000000000000e+02,-9.414452590066246103e+02,-4.996845544426120796e+03,4.946733730153869146e+03
2.000000000000000000e+02,-8.734253109689958592e+02,-4.451077298425331719e+03,5.459679329282242179e+03
3.000000000000000000e+02,-7.958902872155123305e+02,-3.851897014369900262e+03,5.897419586435836209e+03
4.000000000000000000e+02,-7.216101871022965497e+02,-3.210244400689016402e+03,6.283955980083263057e+03
5.000000000000000000e+02,-6.253748613799739360e+02,-2.542800916771494940e+03,6.594600731659536905e+03
6.000000000000000000e+02,-5.185755348196383920e+02,-1.830282770996433783e+03,6.831581993436382618e+03
7.000000000000000000e+02,-4.130737644607872880e+02,-1.116724291019591419e+03,6.996686922338655677e+03
8.000000000000000000e+02,-3.074630418410039852e+02,-3.707785021077728516e+02,7.076996517243003836e+03
9.000000000000000000e+02,-1.934225476442185254e+02,3.653201811547303350e+02,7.083269994489099190e+03
1.000000000000000000e+03,-7.729520602359356474e+01,1.105684975905602869e+03,7.012258660435316415e+03
1.100000000000000000e+03,4.698952781372440057e+01,1.829970667474301990e+03,6.861661609830423913e+03
1.200000000000000000e+03,1.606198498587907295e+02,2.529868414608869898e+03,6.628931774078864692e+03
1.300000000000000000e+03,2.779878232124447095e+02,3.205229298496913543e+03,6.324631863306146442e+03
1.400000000000000000e+03,3.911577626290691683e+02,3.850342927344803229e+03,5.947627460919455189e+03
1.500000000000000000e+03,4.916473907757480788e+02,4.441668191742767704e+03,5.510375938906984629e+03
1.600000000000000000e+03,5.959999291651439535e+02,4.991027251522554252e+03,5.012256774556024538e+03
1.700000000000000000e+03,6.956096282321440185e+02,5.481192756114241092e+03,4.457708791558793564e+03
1.800000000000000000e+03,7.789051595078373111e+02,5.917768953171284920e+03,3.843137302258076488e+03
1.900000000000000000e+03,8.556612514520681998e+02,6.273989750836225539e+03,3.194151337959035573e+03
2.000000000000000000e+03,9.273920693396529487e+02,6.575247649077949973e+03,2.508105168984872307e+03
2.100000000000000000e+03,9.861887590465203175e+02,6.790832258323895985e+03,1.802720050914724879e+03
2.200000000000000000e+03,1.034331441036046272e+03,6.940517180631713927e+03,1.060342455392356896e+03
2.300000000000000000e+03,1.081448053431828157e+03,7.004599982742686734e+03,3.121984922912273532e+02
2.400000000000000000e+03,1.098859434515077282e+03,6.993820054728693322e+03,-4.371095994281770345e+02
2.500000000000000000e+03,1.115441604112289042e+03,6.906205679126516770e+03,-1.174761140096310555e+03
2.600000000000000000e+03,1.108840914626662880e+03,6.738631264812149311e+03,-1.908049824987810325e+03
2.700000000000000000e+03,1.099871607148361591e+03,6.499223656403293717e+03,-2.620545599396471061e+03
2.800000000000000000e+03,1.078464030979585459e+03,6.182494076377274723e+03,-3.301156699736953215e+03
2.900000000000000000e+03,1.041657216905375208e+03,5.800352147257988690e+03,-3.935647009480051111e+03
3.000000000000000000e+03,9.941772063040582452e+02,5.344631531418429404e+03,-4.540830098065690436e+03
3.100000000000000000e+03,9.386921368596099455e+02,4.844751975542757464e+03,-5.083759919690791321e+03
3.200000000000000000e+03,8.657649082381011567e+02,4.281919448672594626e+03,-5.576820138630170732e+03
3.300000000000000000e+03,7.864009979019899674e+02,3.668248188278472753e+03,-6.012137307613090343e+03
3.400000000000000000e+03,6.932882101613251962e+02,3.021728873022665084e+03,-6.370074945185892830e+03
3.500000000000000000e+03,6.003941747829670703e+02,2.327462510395556365e+03,-6.656307485791867293e+03
3.600000000000000000e+03,4.997717163349846601e+02,1.624586943504100645e+03,-6.876298812560733495e+03
3.700000000000000000e+03,3.889930116708528658e+02,8.908247703604747585e+02,-7.017445884160638343e+03
3.800000000000000000e+03,2.861919242076460250e+02,1.574347414942994305e+02,-7.070105806280139404e+03
3.900000000000000000e+03,1.709702268752576231e+02,-5.910229395333926732e+02,-7.048447133876431508e+03
4.000000000000000000e+03,4.880023659989774387e+01,-1.322719232670917563e+03,-6.957772226385678550e+03
4.100000000000000000e+03,-7.241914675397462986e+01,-2.046539040528629130e+03,-6.773189218727297884e+03
4.200000000000000000e+03,-1.863467743460389272e+02,-2.732828019033742294e+03,-6.522892572959168319e+03
4.300000000000000000e+03,-3.002965184589758678e+02,-3.399542786102336777e+03,-6.203372000337918507e+03
4.400000000000000000e+03,-4.146570552395986624e+02,-4.029552909707087110e+03,-5.800748228769653906e+03
4.500000000000000000e+03,-5.124192833628787866e+02,-4.609191877267485324e+03,-5.348019999486193228e+03
4.600000000000000000e+03,-6.127306251792414287e+02,-5.144870517696910611e+03,-4.828805139999415587e+03
4.700000000000000000e+03,-7.056660058275011806e+02,-5.616061755374460517e+03,-4.257905473171901576e+03
4.800000000000000000e+03,-7.896984941435118799e+02,-6.021412604569022733e+03,-3.626843789183437366e+03
4.900000000000000000e+03,-8.704349462237984199e+02,-6.369793946896188572e+03,-2.970493867683853750e+03
5.000000000000000000e+03,-9.387818274611987590e+02,-6.639301750890498624e+03,-2.270199843871116627e+03
5.100000000000000000e+03,-9.943792399259093600e+02,-6.844170436425218213e+03,-1.549282107267863921e+03
5.200000000000000000e+03,-1.038617537003612597e+03,-6.954913389326956349e+03,-8.116478671087953671e+02
5.300000000000000000e+03,-1.073258223707186062e+03,-6.998466675467558161e+03,-6.701333294023056908e+01
5.400000000000000000e+03,-1.100817484038558632e+03,-6.965049296852062071e+03,6.788239987585973267e+02
5.500000000000000000e+03,-1.105746071034533088e+03,-6.855675848499047788e+03,1.417083412912027597e+03
5.600000000000000000e+03,-1.098728806348724902e+03,-6.666489841689353852e+03,2.148940612936591151e+03
5.700000000000000000e+03,-1.081398479632224962e+03,-6.407998076557031709e+03,2.846846324805044787e+03
5.800000000000000000e+03,-1.054387293457145915e+03,-6.062331596066137536e+03,3.515330577679107591e+03
5.900000000000000000e+03,-1.011819428820020676e+03,-5.668068619807630057e+03,4.140879639318892259e+03
6.000000000000000000e+03,-9.697069991278085581e+02,-5.194296089027205198e+03,4.732142324813667983e+03
6.100000000000000000e+03,-9.008876741089918596e+02,-4.668877224647330877e+03,5.256159410855862916e+03
6.200000000000000000e+03,-8.361003835369618855e+02,-4.101528454787555347e+03,5.733795255200160682e+03
6.300000000000000000e+03,-7.518531003952496121e+02,-3.469085288391830545e+03,6.138115053045854438e+03
6.400000000000000000e+03,-6.612967871277535323e+02,-2.809537183286094660e+03,6.483903785804301151e+03
6.500000000000000000e+03,-5.592555704523758777e+02,-2.125533090914566856e+03,6.745431104521675479e+03
6.600000000000000000e+03,-4.593984665317697704e+02,-1.408456745561280968e+03,6.946163291773635137e+03
6.700000000000000000e+03,-3.536567477702851079e+02,-6.675051710160383891e+02,7.054914046749299814e+03
6.800000000000000000e+03,-2.422072321695777930e+02,6.846057784558610138e+01,7.093584579221083914e+03
6.900000000000000000e+03,-1.181441487183916763e+02,8.052243193602530482e+02,7.052243130020694480e+03
7.000000000000000000e+03,-1.532416615706877039e+00,1.533378077639698176e+03,6.924756786275513150e+03
7.100000000000000000e+03,1.098893715706634850e+02,2.256872570663767419e+03,6.729857703138621218e+03
7.200000000000000000e+03,2.265937151793585542e+02,2.937808838583681336e+03,6.454498412876312614e+03
7.300000000000000000e+03,3.440946795925852939e+02,3.593104596524691715e+03,6.112392052059349226e+03
7.400000000000000000e+03,4.575179648742437735e+02,4.211137660861304539e+03,5.698182836898548885e+03
7.500000000000000000e+03,5.546562258672536245e+02,4.779496523562881521e+03,5.222588562521041240e+03
7.600000000000000000e+03,6.565319770326452726e+02,5.295881228739419385e+03,4.686888591112578979e+03
7.700000000000000000e+03,7.518568132817713376e+02,5.749081916214367084e+03,4.097669820072105722e+03
7.800000000000000000e+03,8.269319187156417001e+02,6.134100947589498901e+03,3.466363292768588053e+03
7.900000000000000000e+03,9.048682750260832108e+02,6.463488508781930250e+03,2.787522035379789486e+03
8.000000000000000000e+03,9.719299358028338247e+02,6.710603518286982762e+03,2.081141202123775656e+03
8.100000000000000000e+03,1.023212713267891786e+03,6.886815990150413199e+03,1.352947447852688128e+03
8.200000000000000000e+03,1.058732194520145640e+03,6.986916154005130011e+03,6.217371723317097576e+02
8.300000000000000000e+03,1.089859724755927800e+03,7.006600059454831353e+03,-1.284030439771980241e+02
8.400000000000000000e+03,1.114721987466784412e+03,6.949564346235274570e+03,-8.812653515703092353e+02
8.500000000000000000e+03,1.109827619883664511e+03,6.812584001002274817e+03,-1.615815652760180456e+03
8.600000000000000000e+03,1.109892384758910339e+03,6.595144224956530707e+03,-2.333043671257118149e+03
8.700000000000000000e+03,1.084071423311948138e+03,6.313743841093245464e+03,-3.034951932182249038e+03
8.800000000000000000e+03,1.052676808571924994e+03,5.960283706348076521e+03,-3.691189701861705998e+03
8.900000000000000000e+03,1.012611755139001843e+03,5.541147263613787800e+03,-4.307963030950696520e+03
9.000000000000000000e+03,9.568169547807585786e+02,5.052660098035269584e+03,-4.879752276806213558e+03
9.100000000000000000e+03,9.002726645959045300e+02,4.512466178076660071e+03,-5.391833681308978157e+03
9.200000000000000000e+03,8.230785588922174156e+02,3.920965107235883352e+03,-5.846926589878760751e+03
9.300000000000000000e+03,7.306320895257408665e+02,3.278921759368434778e+03,-6.238504191260972220e+03
9.400000000000000000e+03,6.448680400920179636e+02,2.606779677146660561e+03,-6.558884689399518720e+03
9.500000000000000000e+03,5.473459438408360711e+02,1.912568231903043625e+03,-6.794814715286253886e+03
9.600000000000000000e+03,4.417568756926308424e+02,1.190258891487854044e+03,-6.968384921270878294e+03
9.700000000000000000e+03,3.258120917488431019e+02,4.528584524300480325e+02,-7.054113343453757807e+03
9.800000000000000000e+03,2.113853172796183912e+02,-2.956061284197806458e+02,-7.073451983537249362e+03
9.900000000000000000e+03,1.022867631992090196e+02,-1.033804564690645975e+03,-7.005854504427157735e+03
1.000000000000000000e+04,-1.459513053103979630e+01,-1.755395134426954201e+03,-6.860006798968645853e+03
1.010000000000000000e+04,-1.417482022570482343e+02,-2.463203096775137510e+03,-6.633994726413208809e+03
1.020000000000000000e+04,-2.570686419609963309e+02,-3.140807778036223681e+03,-6.346100175940844565e+03
1.030000000000000000e+04,-3.705712409720136407e+02,-3.785407698430948585e+03,-5.978001914776064950e+03
1.040000000000000000e+04,-4.755813633502687026e+02,-4.380765337722781624e+03,-5.532571569613231077e+03
1.050000000000000000e+04,-5.780977038026061336e+02,-4.933138835835751706e+03,-5.044908595843929106e+03
1.060000000000000000e+04,-6.791270260983293383e+02,-5.437453631030954057e+03,-4.492948497019799106e+03
1.070000000000000000e+04,-7.592028175998069628e+02,-5.873383501453490680e+03,-3.888824293883735209e+03
1.080000000000000000e+04,-8.412918539881677589e+02,-6.236840399659482500e+03,-3.237797874180823783e+03
1.090000000000000000e+04,-9.189145816362133701e+02,-6.538221107451127864e+03,-2.554810217605002435e+03
1.100000000000000000e+04,-9.743445722559797559e+02,-6.767590080094985751e+03,-1.845863032524461687e+03
1.110000000000000000e+04,-1.024161333626677333e+03,-6.916504614398494596e+03,-1.118109182035995900e+03
1.120000000000000000e+04,-1.062060516596686739e+03,-6.990969337112362155e+03,-3.687005211934891236e+02
1.130000000000000000e+04,-1.082805194490372287e+03,-6.989030062444493524e+03,3.751164586452039202e+02
1.140000000000000000e+04,-1.099003031278181652e+03,-6.911036459031638515e+03,1.124106954359272322e+03
1.150000000000000000e+04,-1.102837267963423528e+03,-6.749529886342825193e+03,1.853500438460241185e+03
1.160000000000000000e+04,-1.093558782856783182e+03,-6.520185419823237680e+03,2.572310332387344715e+03
1.170000000000000000e+04,-1.066700806033524032e+03,-6.212586206839460829e+03,3.244461492130628812e+03
1.180000000000000000e+04,-1.039024685108995072e+03,-5.833383957922658738e+03,3.902032272103376727e+03
1.190000000000000000e+04,-9.930106604673328548e+02,-5.396417727795324026e+03,4.495199698412087855e+03
1.200000000000000000e+04,-9.315242978973966501e+02,-4.890691547325493048e+03,5.056685914133033293e+03
1.210000000000000000e+04,-8.667915032811484934e+02,-4.333631532331568451e+03,5.549466355140070846e+03
1.220000000000000000e+04,-7.865416275997639559e+02,-3.724257007631567376e+03,5.982182217910228246e+03
1.230000000000000000e+04,-6.995506411525400381e+02,-3.081392726855956425e+03,6.354865371909846544e+03
1.240000000000000000e+04,-6.010910200038824769e+02,-2.397177001314844347e+03,6.644812136373385329e+03
1.250000000000000000e+04,-5.030289990779516529e+02,-1.692568463439990865e+03,6.867570954268486275e+03
1.260000000000000000e+04,-3.999232301190252770e+02,-9.678039693554700307e+02,7.014531803530237084e+03
1.270000000000000000e+04,-2.773664962579048279e+02,-2.334850007109403691e+02,7.088998893605589728e+03
1.280000000000000000e+04,-1.737656507364072240e+02,5.080983511830933139e+02,7.082297460910425798e+03
1.290000000000000000e+04,-5.286701771658634641e+01,1.250437012156307446e+03,6.986865785291828615e+03
1.300000000000000000e+04,7.136530554047610053e+01,1.969933368398682433e+03,6.824119770695958323e+03
1.310000000000000000e+04,1.814112153398665725e+02,2.665367691274827393e+03,6.579108302357291905e+03
1.320000000000000000e+04,3.002764591799323171e+02,3.331008706679581792e+03,6.257422715065279590e+03
1.330000000000000000e+04,4.106843875614957824e+02,3.966007395150182674e+03,5.872822795991684870e+03
1.340000000000000000e+04,5.207814006061856844e+02,4.553064629627569047e+03,5.416723625848516349e+03
1.350000000000000000e+04,6.213817631440172136e+02,5.093491779681716253e+03,4.909393035297312963e+03
1.360000000000000000e+04,7.135882205989440763e+02,5.577556587954009046e+03,4.331561731021105516e+03
1.370000000000000000e+04,7.937518614717780565e+02,5.991009442895954635e+03,3.725739604042206793e+03
1.380000000000000000e+04,8.697287106786181994e+02,6.339662527436188611e+03,3.060792073599793639e+03
1.390000000000000000e+04,9.429182603920557995e+02,6.626485438672738383e+03,2.372170617562090229e+03
1.400000000000000000e+04,1.004686108915867862e+03,6.827353130370367580e+03,1.649873605456406722e+03
1.410000000000000000e+04,1.043014721052181585e+03,6.952113877417986259e+03,9.113216476282202620e+02
1.420000000000000000e+04,1.080170395384544918e+03,7.009249141077002605e+03,1.699429241938264568e+02
1.430000000000000000e+04,1.105779859786073757e+03,6.980548256850524012e+03,-5.865186285975840974e+02
1.440000000000000000e+04,1.111942138035553853e+03,6.872116599685373330e+03,-1.327084047144623128e+03
1.450000000000000000e+04,1.115217493285285855e+03,6.694338932496040798e+03,-2.056410039383200910e+03
1.460000000000000000e+04,1.094515521324105521e+03,6.441239224672260207e+03,-2.754024578679641763e+03
1.470000000000000000e+04,1.077314833086325507e+03,6.104210486221611063e+03,-3.435015862003557231e+03
1.480000000000000000e+04,1.027535265135744567e+03,5.716424542022897185e+03,-4.069133226812031353e+03
1.490000000000000000e+04,9.844405755103124420e+02,5.249297987218196795e+03,-4.654885303165866389e+03
1.500000000000000000e+04,9.260888777977679638e+02,4.729990091771051993e+03,-5.194929723030429159e+03
1.510000000000000000e+04,8.491393467535594937e+02,4.161127235185071186e+03,-5.673368952407061442e+03
1.520000000000000000e+04,7.707225123065510388e+02,3.540316910549545810e+03,-6.088643241167561428e+03
1.530000000000000000e+04,6.750092574097186571e+02,2.877457872275949285e+03,-6.428156794162716324e+03
1.540000000000000000e+04,5.868752609874612745e+02,2.196151297284549855e+03,-6.706552240998485104e+03
1.550000000000000000e+04,4.821262318031777454e+02,1.480311008578295969e+03,-6.907140324921169849e+03
1.560000000000000000e+04,3.660686365137180474e+02,7.425183072688935226e+02,-7.034217527044532289e+03
1.570000000000000000e+04,2.549986584289686959e+02,1.025554780950026768e+01,-7.078210311915418970e+03
1.580000000000000000e+04,1.400791757143347809e+02,-7.386865667091959722e+02,-7.038264806828209657e+03
1.590000000000000000e+04,3.136616750442006207e+01,-1.466779952414452509e+03,-6.930196882221859596e+03
1.600000000000000000e+04,-9.258341672230869790e+01,-2.180192811759506185e+03,-6.728848453196960691e+03
1.610000000000000000e+04,-2.014156556334635013e+02,-2.872439841295429687e+03,-6.471027089967285974e+03
1.620000000000000000e+04,-3.175420576156241168e+02,-3.530663306092906623e+03,-6.133243354403140074e+03
1.630000000000000000e+04,-4.313691917000238050e+02,-4.144600348641964047e+03,-5.715470863616807947e+03
1.640000000000000000e+04,-5.412945617152306568e+02,-4.722309628076135596e+03,-5.248595889161668310e+03
1.650000000000000000e+04,-6.302266335201550191e+02,-5.237827360594709717e+03,-4.713970653077189127e+03
1.660000000000000000e+04,-7.250361770569845703e+02,-5.703114280096518996e+03,-4.135206702505762223e+03
1.670000000000000000e+04,-8.113966202427681083e+02,-6.098394612821575720e+03,-3.499337019403111753e+03
1.680000000000000000e+04,-8.856591822492337087e+02,-6.426745706590368172e+03,-2.839356761545187510e+03
1.690000000000000000e+04,-9.474715671676289048e+02,-6.681900827957900219e+03,-2.135966885153292424e+03
1.700000000000000000e+04,-1.006204838932376447e+03,-6.865115795922460165e+03,-1.412053279790624856e+03
1.710000000000000000e+04,-1.049833357014757894e+03,-6.973031224631005898e+03,-6.715093701799156634e+02
1.720000000000000000e+04,-1.073186887730768149e+03,-7.004661491124144959e+03,7.571340803353950832e+01
1.730000000000000000e+04,-1.095483157059351925e+03,-6.947387096656232643e+03,8.240659223774513293e+02
1.740000000000000000e+04,-1.110321201432560656e+03,-6.818262758268600010e+03,1.568153442357547647e+03
1.750000000000000000e+04,-1.103548453339689104e+03,-6.617498777788715415e+03,2.289375742706283290e+03
1.760000000000000000e+04,-1.078338388546409078e+03,-6.343283866532234242e+03,2.977615068185943983e+03
1.770000000000000000e+04,-1.053127652408291397e+03,-5.992908133485842882e+03,3.645285077965484106e+03
1.780000000000000000e+04,-1.011387757210630639e+03,-5.570682935075510613e+03,4.264592280817540995e+03
1.790000000000000000e+04,-9.558420560144012370e+02,-5.096837938158707402e+03,4.841177141332093015e+03
1.800000000000000000e+04,-8.858048080329023151e+02,-4.566024217702447459e+03,5.355699148666216388e+03
1.810000000000000000e+04,-8.200415343158957739e+02,-3.977773728731579467e+03,5.817209831824621688e+03
1.820000000000000000e+04,-7.306528927919633816e+02,-3.340898468027067793e+03,6.218098067975023696e+03
1.830000000000000000e+04,-6.464200538198481354e+02,-2.678414292565062624e+03,6.535847696412068217e+03
1.840000000000000000e+04,-5.443922950498400724e+02,-1.983016507838072584e+03,6.795595675326773744e+03
1.850000000000000000e+04,-4.328968147951705419e+02,-1.252332765791001066e+03,6.975058050585974343e+03
1.860000000000000000e+04,-3.317559293149359974e+02,-5.234534271341987051e+02,7.065727742029132969e+03
1.870000000000000000e+04,-2.193778425471729179e+02,2.195796942399522607e+02,7.093193245115986429e+03
1.880000000000000000e+04,-1.046997440780341861e+02,9.532837419988960619e+02,7.036998445893467760e+03
1.890000000000000000e+04,2.366450497830618005e+01,1.684657928857273191e+03,6.891164413042180968e+03
1.900000000000000000e+04,1.325620282758470694e+02,2.396100550837651554e+03,6.686884493687685790e+03
1.910000000000000000e+04,2.503870569384425551e+02,3.076138209736125646e+03,6.388726934718761186e+03
1.920000000000000000e+04,3.678790159157655353e+02,3.724715800587069680e+03,6.036442328023152186e+03
1.930000000000000000e+04,4.787679586606776070e+02,4.326786634244418565e+03,5.610445893539326789e+03
1.940000000000000000e+04,5.801302697196432518e+02,4.889615397390712133e+03,5.118821230654348255e+03
1.950000000000000000e+04,6.727334776368381881e+02,5.388418606199629721e+03,4.569333437816378137e+03
1.960000000000000000e+04,7.670062681584394113e+02,5.832442902661000517e+03,3.978302963639446261e+03
1.970000000000000000e+04,8.426042940008715050e+02,6.203565028630056077e+03,3.331623148256955119e+03
1.980000000000000000e+04,9.124674888187080342e+02,6.513210935446262738e+03,2.652744078421009817e+03
1.990000000000000000e+04,9.758890214131712355e+02,6.747630457887586999e+03,1.943331416791700804e+03
2.000000000000000000e+04,1.026643231337624457e+03,6.916731036700202822e+03,1.211307237395231141e+03
2.010000000000000000e+04,1.066871428684322609e+03,7.000657387663723966e+03,4.634412209956001902e+02
2.020000000000000000e+04,1.098645805300717484e+03,6.999968088491203162e+03,-2.826160679112856542e+02
2.030000000000000000e+04,1.111817754734905748e+03,6.928269162006427905e+03,-1.032219310981281069e+03
2.040000000000000000e+04,1.119701831227375806e+03,6.782338241208572981e+03,-1.757110846205879625e+03
2.050000000000000000e+04,1.105768733738942046e+03,6.545127157814465136e+03,-2.477320951099765807e+03
2.060000000000000000e+04,1.088026392184198812e+03,6.253387199329054056e+03,-3.163502794885499043e+03
2.070000000000000000e+04,1.046707220961526900e+03,5.876128267706742008e+03,-3.818042731310375075e+03
2.080000000000000000e+04,1.007306608276179304e+03,5.438657020893573645e+03,-4.425511433847085755e+03
2.090000000000000000e+04,9.519549243111288206e+02,4.944504465948705729e+03,-4.982825979422609635e+03
2.100000000000000000e+04,8.829063844203092231e+02,4.398111954136948043e+03,-5.491553007164867267e+03
2.110000000000000000e+04,8.049128421950906613e+02,3.796711504334154597e+03,-5.930157956389432911e+03
2.120000000000000000e+04,7.195675035589054005e+02,3.152354367569415444e+03,-6.303816720646323120e+03
2.130000000000000000e+04,6.248186645376312072e+02,2.471156155786246472e+03,-6.611741896978424847e+03
2.140000000000000000e+04,5.262862145971727159e+02,1.769673307668572306e+03,-6.836901289409722267e+03
2.150000000000000000e+04,4.198610811237721805e+02,1.042840078769313550e+03,-6.993533831474951512e+03
2.160000000000000000e+04,3.027083698073915912e+02,2.986247385884071832e+02,-7.062208647200699488e+03
2.170000000000000000e+04,1.939407033491605716e+02,-4.406721783678029851e+02,-7.066965047557131584e+03
2.180000000000000000e+04,7.378389588133273946e+01,-1.178129229628802477e+03,-6.976565842830571455e+03
2.190000000000000000e+04,-4.713881723034452165e+01,-1.897694399973641566e+03,-6.819512517522909548e+03
2.200000000000000000e+04,-1.587851591243231724e+02,-2.594207643201737028e+03,-6.579213769555960425e+03
2.210000000000000000e+04,-2.710458360587434186e+02,-3.268483047489516139e+03,-6.272104310792688921e+03
2.220000000000000000e+04,-3.851245320233509233e+02,-3.908708434055863563e+03,-5.894601471681360636e+03
2.230000000000000000e+04,-4.963346875898569124e+02,-4.496679426485178737e+03,-5.444888282246562085e+03
2.240000000000000000e+04,-5.933349610231364295e+02,-5.045736575351200372e+03,-4.933400249744562643e+03
2.250000000000000000e+04,-6.884325824386357908e+02,-5.526985014022048745e+03,-4.375554419710592811e+03
2.260000000000000000e+04,-7.754544844785236819e+02,-5.948605920098393653e+03,-3.765928426386504270e+03
2.270000000000000000e+04,-8.545467584645772376e+02,-6.306814491978505430e+03,-3.104457379871081230e+03
2.280000000000000000e+04,-9.215779466518204117e+02,-6.590073606883306638e+03,-2.412906396648081227e+03
2.290000000000000000e+04,-9.833658434374219723e+02,-6.799796820667555039e+03,-1.701431184811294088e+03
2.300000000000000000e+04,-1.035519266385712854e+03,-6.941687803368723507e+03,-9.666593339193049133e+02
2.310000000000000000e+04,-1.064673654151208893e+03,-6.997386389998433515e+03,-2.236079230116691008e+02
2.320000000000000000e+04,-1.092318910098945025e+03,-6.981390636120559975e+03,5.251534289841339387e+02
2.330000000000000000e+04,-1.102456292232148598e+03,-6.880324567601815033e+03,1.270695232705860235e+03
2.340000000000000000e+04,-1.104868393793787391e+03,-6.711604015814768900e+03,2.001366123202325753e+03
2.350000000000000000e+04,-1.088855019082564695e+03,-6.455256470080668805e+03,2.711426610988540233e+03
2.360000000000000000e+04,-1.062897591181576217e+03,-6.139905424713494540e+03,3.380387329838016740e+03
2.370000000000000000e+04,-1.025856463165225023e+03,-5.753445846763759619e+03,4.021588126066401855e+03
2.380000000000000000e+04,-9.725489843947834743e+02,-5.296841950480011292e+03,4.616979740254852004e+03
2.390000000000000000e+04,-9.235536356917472176e+02,-4.776577053024844645e+03,5.152619439145418255e+03
2.400000000000000000e+04,-8.466089330192518219e+02,-4.221530735753188310e+03,5.640862874997969811e+03
2.410000000000000000e+04,-7.621757441900481354e+02,-3.596145740021149322e+03,6.062857776079053110e+03
2.420000000000000000e+04,-6.836194490340126322e+02,-2.953520545576756831e+03,6.415616626682161041e+03
2.430000000000000000e+04,-5.775887514888270289e+02,-2.260839006707939006e+03,6.699084373624714317e+03
2.440000000000000000e+04,-4.810187869539753365e+02,-1.544042380795538065e+03,6.902626882304190076e+03
2.450000000000000000e+04,-3.723432019727497391e+02,-8.245295845756960489e+02,7.040862956469062738e+03
2.460000000000000000e+04,-2.603097370383209750e+02,-7.780025462480602982e+01,7.090514173800863318e+03
2.470000000000000000e+04,-1.415983808794439369e+02,6.557016633279457665e+02,7.065538962826236457e+03
2.480000000000000000e+04,-3.099404441791502407e+01,1.389638815047941534e+03,6.956113282585192792e+03
2.490000000000000000e+04,8.600802156905028539e+01,2.107243128270842590e+03,6.776432377896686376e+03
2.500000000000000000e+04,2.092510479321204855e+02,2.797625144757138514e+03,6.514464720454816415e+03
2.510000000000000000e+04,3.148773403159854638e+02,3.469546932752483372e+03,6.188001784858510291e+03
2.520000000000000000e+04,4.305416323168856820e+02,4.093630036166744503e+03,5.791495532958203512e+03
2.530000000000000000e+04,5.409443943997365523e+02,4.664080274453065613e+03,5.321741067347857097e+03
2.540000000000000000e+04,6.400012339638590220e+02,5.194823783960218861e+03,4.799449670554687145e+03
2.550000000000000000e+04,7.283836390663784641e+02,5.659227100266269190e+03,4.213658098551500188e+03
2.560000000000000000e+04,8.121749831574600194e+02,6.066798275036118866e+03,3.594745451014321134e+03
2.570000000000000000e+04,8.862459237053813013e+02,6.399032500479832379e+03,2.924082959482041133e+03
2.580000000000000000e+04,9.613607794558234900e+02,6.662729812911459703e+03,2.230181548791985279e+03
2.590000000000000000e+04,1.008643922244954183e+03,6.857391523609127034e+03,1.506396894866828461e+03
2.600000000000000000e+04,1.056346867358682857e+03,6.974748665489181803e+03,7.709791069088341828e+02
2.610000000000000000e+04,1.088443305861419503e+03,7.005558932236458531e+03,1.320040022827412329e+01
2.620000000000000000e+04,1.111060497209549112e+03,6.965887793155196960e+03,-7.270923287536622865e+02
2.630000000000000000e+04,1.118118621284854953e+03,6.843179216089168222e+03,-1.465311769336651196e+03
2.640000000000000000e+04,1.107005679285815177e+03,6.648427132663522571e+03,-2.197978807454414891e+03
2.650000000000000000e+04,1.097059800809481430e+03,6.377218316662850157e+03,-2.888798685692344861e+03
2.660000000000000000e+04,1.062180071647194382e+03,6.036951147888158630e+03,-3.564316450483699555e+03
2.670000000000000000e+04,1.019253427633707702e+03,5.625764130468020085e+03,-4.189188696135157443e+03
2.680000000000000000e+04,9.765166426321287645e+02,5.156986406773025010e+03,-4.765363305358660909e+03
2.690000000000000000e+04,9.133906716654067850e+02,4.625350744447042416e+03,-5.291586411448171020e+03
2.700000000000000000e+04,8.309094817104972890e+02,4.037602624345937784e+03,-5.764413969734000602e+03
2.710000000000000000e+04,7.480740764202546416e+02,3.410659926441930111e+03,-6.160552086456023062e+03
2.720000000000000000e+04,6.572822295497362575e+02,2.747715453893790709e+03,-6.500580064659182426e+03
2.730000000000000000e+04,5.639205789321607654e+02,2.047993632541037186e+03,-6.753892853414091405e+03
2.740000000000000000e+04,4.594395578267127576e+02,1.335716418111299390e+03,-6.945662176534900937e+03
2.750000000000000000e+04,3.474516003329300133e+02,5.968789998850235179e+02,-7.048067103549643434e+03
2.760000000000000000e+04,2.318450665997242481e+02,-1.394068523399040771e+02,-7.075542310414737585e+03
2.770000000000000000e+04,1.211346993482864036e+02,-8.809328795357242825e+02,-7.021584645920232106e+03
2.780000000000000000e+04,-2.339555312460874337e+00,-1.612039714520174130e+03,-6.897188342929083774e+03
2.790000000000000000e+04,-1.101927073856366377e+02,-2.324448569563639467e+03,-6.686520388222875226e+03
2.800000000000000000e+04,-2.335144953294131938e+02,-3.012751651008230965e+03,-6.405775045658908311e+03
2.810000000000000000e+04,-3.373412432889667798e+02,-3.653953991257359121e+03,-6.046554258877470602e+03
2.820000000000000000e+04,-4.487366254653517217e+02,-4.273040268650718644e+03,-5.625296697726597813e+03
2.830000000000000000e+04,-5.594227298355469884e+02,-4.833603562090782361e+03,-5.146735345859980043e+03
2.840000000000000000e+04,-6.593436255428099457e+02,-5.333871871352126618e+03,-4.609066507709391772e+03
2.850000000000000000e+04,-7.425181395520515935e+02,-5.789275181490307659e+03,-4.014879456293395378e+03
2.860000000000000000e+04,-8.263852724538570556e+02,-6.176428911632129712e+03,-3.367123809267991419e+03
2.870000000000000000e+04,-8.975585764125517017e+02,-6.485161366515136251e+03,-2.691055712146550377e+03
2.880000000000000000e+04,-9.661201859458321906e+02,-6.732906908735526486e+03,-1.987517730727219259e+03
2.890000000000000000e+04,-1.010103322082771342e+03,-6.894622523761483535e+03,-1.267982345311467725e+03
2.900000000000000000e+04,-1.052465561813412933e+03,-6.991831678639084203e+03,-5.146914495046768252e+02
2.910000000000000000e+04,-1.078739887583715927e+03,-6.998565743853540880e+03,2.333201379631033490e+02
2.920000000000000000e+04,-1.095481503701358633e+03,-6.931247746660614212e+03,9.768775280227112034e+02
2.930000000000000000e+04,-1.108635693985401531e+03,-6.784409964438576026e+03,1.714636807126061058e+03
2.940000000000000000e+04,-1.099047814325333547e+03,-6.566411284816301304e+03,2.420832067082123558e+03
2.950000000000000000e+04,-1.069776568891086299e+03,-6.271401362202970631e+03,3.120160772410256868e+03
2.960000000000000000e+04,-1.041050410381869824e+03,-5.908331053235484433e+03,3.764986240434893261e+03
2.970000000000000000e+04,-9.990564822125356841e+02,-5.481366539104807998e+03,4.384849202682840769e+03
2.980000000000000000e+04,-9.463501883505660999e+02,-4.993914218178048031e+03,4.942834003199791368e+03
2.990000000000000000e+04,-8.795159953922022851e+02,-4.451155767072834351e+03,5.455999257122367453e+03
3.000000000000000000e+04,-8.063702148189669288e+02,-3.851384999889993196e+03,5.897571388699924682e+03
3.010000000000000000e+04,-7.144770985577982856e+02,-3.213358255567003198e+03,6.281155565301289244e+03
3.020000000000000000e+04,-6.242775861282310643e+02,-2.540385843842153463e+03,6.595819450688413781e+03
3.030000000000000000e+04,-5.192529877518608146e+02,-1.835199704241118070e+03,6.832618321602069045e+03
3.040000000000000000e+04,-4.147851591946405847e+02,-1.117553834313317111e+03,6.999179428142429970e+03
3.050000000000000000e+04,-3.105615588786849344e+02,-3.753415533199564038e+02,7.075107835393393543e+03
3.060000000000000000e+04,-1.932055799655353781e+02,3.695949181372710086e+02,7.088725803593075398e+03
3.070000000000000000e+04,-7.496321460459355990e+01,1.105881446138597312e+03,7.017214526162420952e+03
3.080000000000000000e+04,4.029173302904869303e+01,1.822330528652379598e+03,6.864336650677733815e+03
3.090000000000000000e+04,1.606139137189883570e+02,2.525121617776896983e+03,6.632951655954915623e+03
3.100000000000000000e+04,2.749133382775852397e+02,3.209166288412349786e+03,6.333237616151477596e+03
3.110000000000000000e+04,3.839685620788367260e+02,3.847828667345985195e+03,5.956831033218940320e+03
3.120000000000000000e+04,4.978532070303249952e+02,4.444247872285674021e+03,5.509125059674647673e+03
3.130000000000000000e+04,5.997922892003984998e+02,4.987410333002427251e+03,5.017211715414194259e+03
3.140000000000000000e+04,6.977208867324277435e+02,5.476737116854894339e+03,4.459532040674188465e+03
3.150000000000000000e+04,7.771284533552462790e+02,5.915461174546638176e+03,3.849127091337905313e+03
3.160000000000000000e+04,8.544016702747817362e+02,6.272770793710409635e+03,3.196611407008263541e+03
3.170000000000000000e+04,9.245061537375372609e+02,6.569880349575302716e+03,2.514144304779626054e+03
3.180000000000000000e+04,9.883890655089843449e+02,6.796523651116754081e+03,1.796290886728020951e+03
3.190000000000000000e+04,1.036635082469686267e+03,6.932943449721195975e+03,1.060446384408173117e+03
3.200000000000000000e+04,1.078469533902186868e+03,7.005402449214212538e+03,3.224526415370221457e+02
3.210000000000000000e+04,1.097277183162701249e+03,6.987751032921200022e+03,-4.365212726059777424e+02
3.220000000000000000e+04,1.114261708011328665e+03,6.905255134846984220e+03,-1.174710813066591527e+03
3.230000000000000000e+04,1.109876805873902640e+03,6.734176091599658321e+03,-1.911613188909279415e+03
3.240000000000000000e+04,1.099671032949661367e+03,6.496450965921038915e+03,-2.612422499978765700e+03
3.250000000000000000e+04,1.073589095801087751e+03,6.183301249715913400e+03,-3.293886154078394611e+03
3.260000000000000000e+04,1.040872872782567811e+03,5.798468278521628235e+03,-3.945064336189228015e+03
3.270000000000000000e+04,9.983991062201222348e+02,5.343598227577815123e+03,-4.538717403947950515e+03
3.280000000000000000e+04,9.339705405853844695e+02,4.835895251580956938e+03,-5.093334496528887030e+03
3.290000000000000000e+04,8.625907723918866168e+02,4.273152930823548559e+03,-5.585401915437152638e+03
3.300000000000000000e+04,7.842353486308877564e+02,3.671133149759124535e+03,-6.003184421563932119e+03
3.310000000000000000e+04,6.968531187114526801e+02,3.022371430726023391e+03,-6.366175906224205391e+03
3.320000000000000000e+04,6.062396318741808727e+02,2.328876863611219505e+03,-6.656142734927421770e+03
3.330000000000000000e+04,4.970749418635197117e+02,1.622551233623035159e+03,-6.872371751723057969e+03
3.340000000000000000e+04,3.938836369358251090e+02,8.937898424879056165e+02,-7.019269473595235468e+03
3.350000000000000000e+04,2.804643809188850128e+02,1.503646849015715645e+02,-7.075204793334656642e+03
3.360000000000000000e+04,1.673778829908168007e+02,-5.859128068965337661e+02,-7.059669665284898656e+03
3.370000000000000000e+04,4.599020839741927347e+01,-1.321711329399242231e+03,-6.955126022571133035e+03
3.380000000000000000e+04,-6.252349096854716493e+01,-2.041281180911483261e+03,-6.777383828804961922e+03
3.390000000000000000e+04,-1.881267873172152747e+02,-2.732171664652906202e+03,-6.532528564869581714e+03
3.400000000000000000e+04,-2.925234902612536416e+02,-3.400312328641749446e+03,-6.201330695275421022e+03
3.410000000000000000e+04,-4.113153564285537414e+02,-4.028067450751068009e+03,-5.805847828107581336e+03
3.420000000000000000e+04,-5.212577476938072323e+02,-4.612555490119245405e+03,-5.348535276515441183e+03
3.430000000000000000e+04,-6.166837502173802932e+02,-5.145689553776583125e+03,-4.833316322137236966e+03
3.440000000000000000e+04,-7.092061956124073276e+02,-5.613718402234088899e+03,-4.256984726982058419e+03
3.450000000000000000e+04,-8.013569662299230458e+02,-6.026441885426150293e+03,-3.631159551905060198e+03
3.460000000000000000e+04,-8.767801649765524417e+02,-6.369289029824969475e+03,-2.970344665235223147e+03
3.470000000000000000e+04,-9.364277563404738203e+02,-6.645323629226610137e+03,-2.280445283291247961e+03
3.480000000000000000e+04,-9.978339105266732076e+02,-6.841081942295361841e+03,-1.559420822290464685e+03
3.490000000000000000e+04,-1.041245934915395310e+03,-6.964715571479599021e+03,-8.126220755790252497e+02
3.500000000000000000e+04,-1.078633861417577691e+03,-7.003643188662495959e+03,-6.845676040551462904e+01
3.510000000000000000e+04,-1.092008933438422673e+03,-6.969635814728446348e+03,6.801849649914515794e+02
3.520000000000000000e+04,-1.100900016211274306e+03,-6.855198670067782587e+03,1.421536244303349122e+03
3.530000000000000000e+04,-1.101856153547433905e+03,-6.664837597249445025e+03,2.137325126883351913e+03
3.540000000000000000e+04,-1.090832142368275072e+03,-6.397036449024189096e+03,2.845056899226663063e+03
3.550000000000000000e+04,-1.055657285604150275e+03,-6.069487418601922400e+03,3.512137147017037478e+03
3.560000000000000000e+04,-1.020299823597722479e+03,-5.660060950340446652e+03,4.147708243256846799e+03
3.570000000000000000e+04,-9.644927173689552546e+02,-5.196337678400718687e+03,4.732083589433975249e+03
3.580000000000000000e+04,-9.008919836060607622e+02,-4.670936517208769146e+03,5.260997341939838407e+03
3.590000000000000000e+04,-8.340831552305280638e+02,-4.099880617261282168e+03,5.736183978531388675e+03
3.600000000000000000e+04,-7.502546465140017062e+02,-3.474463638500445086e+03,6.141724862811701314e+03
3.610000000000000000e+04,-6.651253100429938740e+02,-2.811463303592036482e+03,6.479212082310065853e+03
3.620000000000000000e+04,-5.690221368036239937e+02,-2.123586822692310307e+03,6.748881174201215799e+03
3.630000000000000000e+04,-4.584846870885000385e+02,-1.400084188069166885e+03,6.942160131663556967e+03
3.640000000000000000e+04,-3.481854058331523447e+02,-6.671840029232072311e+02,7.051650558378425558e+03
3.650000000000000000e+04,-2.432309753150747724e+02,7.332184194427833290e+01,7.097472320053144358e+03
3.660000000000000000e+04,-1.211553432459663355e+02,8.026298584710688147e+02,7.050747279900203466e+03
3.670000000000000000e+04,-5.978859992808249757e-01,1.541974321186201905e+03,6.931705008500617623e+03
3.680000000000000000e+04,1.179404710245208605e+02,2.255335776775072191e+03,6.726830836672786972e+03
3.690000000000000000e+04,2.279586722910656249e+02,2.932683197212537380e+03,6.456036586119982530e+03
3.700000000000000000e+04,3.403461816600138263e+02,3.596632700318367370e+03,6.115281715181927211e+03
3.710000000000000000e+04,4.474738412651884687e+02,4.207675305851394114e+03,5.700873009637311043e+03
3.720000000000000000e+04,5.521112049388573269e+02,4.781876980987456591e+03,5.219176761931998044e+03
3.730000000000000000e+04,6.589627974983196737e+02,5.295559960519974993e+03,4.690632677485123168e+03
3.740000000000000000e+04,7.423299376118530972e+02,5.747880682447666914e+03,4.096563742484851900e+03
3.750000000000000000e+04,8.251821808832065699e+02,6.133254528728554760e+03,3.461275545730129124e+03
3.760000000000000000e+04,9.052753814112724058e+02,6.456523631859182387e+03,2.794861255837935460e+03
3.770000000000000000e+04,9.724464085362375272e+02,6.714967628595801216e+03,2.089566382864903971e+03
3.780000000000000000e+04,1.022747039640975117e+03,6.888976604648803914e+03,1.359510955182020780e+03
3.790000000000000000e+04,1.056868789095378361e+03,6.987369084423427012e+03,6.148465917314017588e+02
3.800000000000000000e+04,1.087900614688519909e+03,7.001846306997454121e+03,-1.302951802126579821e+02
3.810000000000000000e+04,1.109175887712472104e+03,6.952569324495574620e+03,-8.761508385874890337e+02
3.820000000000000000e+04,1.120526383547090063e+03,6.812507620451311595e+03,-1.620223375705576473e+03
3.830000000000000000e+04,1.108066794243570030e+03,6.602691636208272030e+03,-2.336694689022451257e+03
3.840000000000000000e+04,1.084192171798785466e+03,6.321234661973180664e+03,-3.027178349649773736e+03
3.850000000000000000e+04,1.059214392007500237e+03,5.961601090958077293e+03,-3.689218169671628402e+03
3.860000000000000000e+04,1.015637139966180030e+03,5.537140037189426039e+03,-4.303522146515653731e+03
3.870000000000000000e+04,9.575286992766567664e+02,5.047930975679573748e+03,-4.877182785264766608e+03
3.880000000000000000e+04,8.979847615334527973e+02,4.515500281385258859e+03,-5.394066004171828354e+03
3.890000000000000000e+04,8.235274333136169389e+02,3.920726622272263739e+03,-5.839836090086512741e+03
3.900000000000000000e+04,7.376222290534443573e+02,3.284274639199598823e+03,-6.238951089482928182e+03
3.910000000000000000e+04,6.461762712857442921e+02,2.607570681280146346e+03,-6.555293516497633391e+03
3.920000000000000000e+04,5.379379777610795372e+02,1.906513258585462381e+03,-6.794152236268554589e+03
3.930000000000000000e+04,4.381483718760885608e+02,1.188926643208985070e+03,-6.963274049205944721e+03
3.940000000000000000e+04,3.322879703428251901e+02,4.537395823124666663e+02,-7.058991699196062655e+03
3.950000000000000000e+04,2.124611381194256978e+02,-2.877476458119290896e+02,-7.065693651830022645e+03
3.960000000000000000e+04,1.024586457741043120e+02,-1.031517174094037728e+03,-7.006435661573863399e+03
3.970000000000000000e+04,-1.986253957151643590e+01,-1.755218541835256701e+03,-6.859424900253598935e+03
3.980000000000000000e+04,-1.341918485511498602e+02,-2.455402255925710961e+03,-6.635599714867321381e+03
3.990000000000000000e+04,-2.537692421149666870e+02,-3.142305546480044541e+03,-6.336369072521792077e+03
4.000000000000000000e+04,-3.702619567932462132e+02,-3.785346694155647583e+03,-5.976723616872100138e+03
4.010000000000000000e+04,-4.761894777346696515e+02,-4.388761750081267564e+03,-5.536024818717928611e+03
4.020000000000000000e+04,-5.718231596413306761e+02,-4.934573781248104751e+03,-5.042147870180028804e+03
4.030000000000000000e+04,-6.718713140624915923e+02,-5.432770399386415193e+03,-4.489339288161982040e+03
4.040000000000000000e+04,-7.670690153149280377e+02,-5.875155052432534831e+03,-3.885062166643683213e+03
4.050000000000000000e+04,-8.405525065346839710e+02,-6.241630906051179409e+03,-3.241220319146436850e+03
4.060000000000000000e+04,-9.092665599521797049e+02,-6.537814933792848933e+03,-2.556614308256238473e+03
4.070000000000000000e+04,-9.698027613541080427e+02,-6.764262518405471383e+03,-1.850787723299718209e+03
4.080000000000000000e+04,-1.018133818101264524e+03,-6.925887145762547334e+03,-1.109109846967022804e+03
4.090000000000000000e+04,-1.064656998308940047e+03,-6.993253196604504410e+03,-3.673988870480409332e+02
4.100000000000000000e+04,-1.084346718560518184e+03,-6.993157472415103257e+03,3.814098821535333741e+02
4.110000000000000000e+04,-1.097794948531258342e+03,-6.912016515641933438e+03,1.117550687970129729e+03
4.120000000000000000e+04,-1.107377627181964499e+03,-6.753159140683495934e+03,1.859938235546763281e+03
4.130000000000000000e+04,-1.094165472014768966e+03,-6.519634521170940388e+03,2.568384767631864634e+03
4.140000000000000000e+04,-1.067948072919289189e+03,-6.211042586163741362e+03,3.247858737766724062e+03
4.150000000000000000e+04,-1.039879439805563834e+03,-5.830386004954396412e+03,3.895957221541813396e+03
4.160000000000000000e+04,-9.871534673852985406e+02,-5.388661696026270874e+03,4.496713596759193933e+03
4.170000000000000000e+04,-9.276015498688950629e+02,-4.888440513310085407e+03,5.054168833416854795e+03
4.180000000000000000e+04,-8.646688866904652286e+02,-4.332341056256318552e+03,5.546860067852778229e+03
4.190000000000000000e+04,-7.840455132864099141e+02,-3.726092723133674554e+03,5.981850233623781605e+03
4.200000000000000000e+04,-6.952468069877518246e+02,-3.082653886799339489e+03,6.354189868347870288e+03
4.210000000000000000e+04,-6.071263329973047576e+02,-2.400088894312656066e+03,6.653955963573333065e+03
4.220000000000000000e+04,-5.059240176855221307e+02,-1.694287082188378463e+03,6.875736081810173346e+03
4.230000000000000000e+04,-3.954010531543402180e+02,-9.646705603043546944e+02,7.019389031301467185e+03
4.240000000000000000e+04,-2.830111101078961156e+02,-2.272671181556326871e+02,7.086718751622296622e+03
4.250000000000000000e+04,-1.731796430523401114e+02,5.132500590822972981e+02,7.081054099230621432e+03
4.260000000000000000e+04,-5.507054072681090418e+01,1.242370355745843653e+03,6.989928027566351375e+03
4.270000000000000000e+04,6.300852128235002425e+01,1.972690192278755148e+03,6.818545596024957376e+03
4.280000000000000000e+04,1.831308116284317862e+02,2.665174680512789564e+03,6.575885091871705299e+03
4.290000000000000000e+04,2.918922184305541805e+02,3.329991459318299349e+03,6.256714561121175393e+03
4.300000000000000000e+04,4.100148686490865657e+02,3.965026503426252930e+03,5.869460310188050244e+03
4.310000000000000000e+04,5.126849607440199179e+02,4.560513386276359597e+03,5.423092694307782040e+03
4.320000000000000000e+04,6.140603792647033288e+02,5.088054484069856699e+03,4.903585621111178625e+03
4.330000000000000000e+04,7.057801895887221235e+02,5.577632188803480858e+03,4.340863077132003127e+03
4.340000000000000000e+04,7.929282189814241519e+02,5.991376572232623403e+03,3.716691740909226155e+03
4.350000000000000000e+04,8.731744897145521236e+02,6.338499921229286883e+03,3.057860077327316048e+03
4.360000000000000000e+04,9.424313930676164546e+02,6.619478029317026994e+03,2.374931769283845824e+03
4.370000000000000000e+04,1.004397547537097239e+03,6.829864476204188577e+03,1.651726608834253966e+03
4.380000000000000000e+04,1.050177223287544848e+03,6.950824329811772259e+03,9.123198561373033044e+02
4.390000000000000000e+04,1.080640896293954256e+03,7.005261018056504327e+03,1.628279823189699584e+02
4.400000000000000000e+04,1.106527123806468580e+03,6.980575543189134805e+03,-5.822512347591114121e+02
4.410000000000000000e+04,1.114013088575107076e+03,6.878857288936721488e+03,-1.321399088409794786e+03
4.420000000000000000e+04,1.108604054822855232e+03,6.696238212448421109e+03,-2.055492833870575396e+03
4.430000000000000000e+04,1.095690812015594020e+03,6.438188824469350948e+03,-2.752418385062090238e+03
4.440000000000000000e+04,1.070924042537344121e+03,6.106116236955264867e+03,-3.433618225865402110e+03
4.450000000000000000e+04,1.029254558831160011e+03,5.713266324222494404e+03,-4.068149646064437547e+03
4.460000000000000000e+04,9.854052227645265702e+02,5.249621000852976067e+03,-4.656815694009277649e+03
4.470000000000000000e+04,9.213074627899446796e+02,4.734460293312126851e+03,-5.196575712700065196e+03
4.480000000000000000e+04,8.511204240140456250e+02,4.162516846520316903e+03,-5.666741030096147369e+03
4.490000000000000000e+04,7.740667238314166525e+02,3.544304911366707529e+03,-6.085637634233126846e+03
4.500000000000000000e+04,6.832334025308163064e+02,2.887591071439908319e+03,-6.428046503530552400e+03
4.510000000000000000e+04,5.873944682179910615e+02,2.198588413595680322e+03,-6.709064826449535758e+03
4.520000000000000000e+04,4.786024940338232341e+02,1.478202432732514126e+03,-6.909715626948583122e+03
4.530000000000000000e+04,3.730385940812068952e+02,7.468843675819555301e+02,-7.035507459890995051e+03
4.540000000000000000e+04,2.545677196372016908e+02,7.956516055859999881e+00,-7.076965337864179673e+03
4.550000000000000000e+04,1.475792906945381162e+02,-7.367253971474611944e+02,-7.040769005037459465e+03
4.560000000000000000e+04,2.298502619674144043e+01,-1.470546064348588743e+03,-6.928688778863513107e+03
4.570000000000000000e+04,-9.275491239016849931e+01,-2.183107672608637586e+03,-6.737573303888944793e+03
4.580000000000000000e+04,-2.061287573222410856e+02,-2.872525183400677179e+03,-6.467987445432237109e+03
4.590000000000000000e+04,-3.226667984471581576e+02,-3.526962803040883500e+03,-6.126651527308747063e+03
4.600000000000000000e+04,-4.365486958603162293e+02,-4.143919395986031304e+03,-5.718084851340413479e+03
4.610000000000000000e+04,-5.397705623120333485e+02,-4.726032069706782750e+03,-5.245338571258044794e+03
4.620000000000000000e+04,-6.316954438390793030e+02,-5.242104057418196135e+03,-4.712918932085531196e+03
4.630000000000000000e+04,-7.279435743201283913e+02,-5.703328856653456569e+03,-4.132158273786053542e+03
4.640000000000000000e+04,-8.089151804496246996e+02,-6.099847851616931621e+03,-3.505311451844737803e+03
4.650000000000000000e+04,-8.858424663331524016e+02,-6.428994773020543107e+03,-2.832554130905747115e+03
4.660000000000000000e+04,-9.536473413056501158e+02,-6.684819031650748911e+03,-2.135113761382234316e+03
4.670000000000000000e+04,-1.006231997379539848e+03,-6.871612810863084633e+03,-1.406043767698106421e+03
4.680000000000000000e+04,-1.052862081478515620e+03,-6.974413495205202707e+03,-6.738853839001416191e+02
4.690000000000000000e+04,-1.081366382836014054e+03,-6.999798458003380802e+03,8.190531785541797660e+01
4.700000000000000000e+04,-1.095479832231370210e+03,-6.954439545204352726e+03,8.248220192362803118e+02
4.710000000000000000e+04,-1.108093389704935362e+03,-6.824712824196939437e+03,1.567174653083318390e+03
4.720000000000000000e+04,-1.099373189925141332e+03,-6.615636439124836215e+03,2.281498959864964036e+03
4.730000000000000000e+04,-1.081104608201624615e+03,-6.344157784364564577e+03,2.982738912205270481e+03
4.740000000000000000e+04,-1.047451229690469063e+03,-5.986275217021583558e+03,3.637904654824619229e+03
4.750000000000000000e+04,-1.009011282668880995e+03,-5.581966588445857269e+03,4.264636353776477335e+03
4.760000000000000000e+04,-9.543245057780990237e+02,-5.101443798533613517e+03,4.834337637444973552e+03
4.770000000000000000e+04,-8.923496955538867041e+02,-4.556681245522034260e+03,5.361381163114645460e+03
4.780000000000000000e+04,-8.141372594739126498e+02,-3.971334389695972277e+03,5.814410218777403315e+03
4.790000000000000000e+04,-7.300681318376372246e+02,-3.349855176199613197e+03,6.207844761695387206e+03
4.800000000000000000e+04,-6.451468530210704557e+02,-2.674418290339552186e+03,6.544880150595198756e+03
4.810000000000000000e+04,-5.432105573862604615e+02,-1.975258870895196878e+03,6.789207138266307993e+03
4.820000000000000000e+04,-4.363445146664598724e+02,-1.253863179936525739e+03,6.969142537281897603e+03
4.830000000000000000e+04,-3.334685206418122903e+02,-5.273568440134207549e+02,7.074483246913530820e+03
4.840000000000000000e+04,-2.125746105489529327e+02,2.167960611794550800e+02,7.094027771705705163e+03
4.850000000000000000e+04,-1.034382322143802924e+02,9.576995002452175640e+02,7.026921432082326646e+03
4.860000000000000000e+04,1.425812119615028628e+01,1.676412574560505618e+03,6.893050343108498055e+03
4.870000000000000000e+04,1.307274025830001278e+02,2.392489347064956291e+03,6.683436364783662611e+03
4.880000000000000000e+04,2.467770836599308666e+02,3.068766471417769026e+03,6.399101486401443253e+03
4.890000000000000000e+04,3.580965968407338664e+02,3.713380649787388847e+03,6.034309740672222688e+03
4.900000000000000000e+04,4.787312390490153007e+02,4.330306471182938367e+03,5.609211866736364755e+03
4.910000000000000000e+04,5.769924119832328415e+02,4.884474571414482853e+03,5.120390457356866136e+03
4.920000000000000000e+04,6.721774901190219680e+02,5.385965323468336464e+03,4.573420012927006610e+03
4.930000000000000000e+04,7.694358635684021692e+02,5.834062403964609985e+03,3.974530662428342566e+03
4.940000000000000000e+04,8.500413116700091223e+02,6.205694365735024803e+03,3.335868423571747371e+03
4.950000000000000000e+04,9.198816263286797721e+02,6.515798081481903864e+03,2.653686335859325936e+03
4.960000000000000000e+04,9.733185789433520085e+02,6.751993759311736540e+03,1.938772192391101498e+03
4.970000000000000000e+04,1.029053069845007713e+03,6.907895934041568580e+03,1.206739448001565052e+03
4.980000000000000000e+04,1.073104797389109308e+03,6.992579328482520395e+03,4.657006153790655958e+02
4.990000000000000000e+04,1.097078482460065970e+03,6.997628123987849904e+03,-2.788003280550561840e+02
5.000000000000000000e+04,1.115769702591090208e+03,6.924729338617273243e+03,-1.022139837299213127e+03
5.010000000000000000e+04,1.112897392499619627e+03,6.780891819543502606e+03,-1.762328598167963946e+03
5.020000000000000000e+04,1.107649645837608659e+03,6.552695015210376368e+03,-2.471226426321610234e+03
5.030000000000000000e+04,1.079906729109202843e+03,6.256111823287193147e+03,-3.158945396224220076e+03
5.040000000000000000e+04,1.054959514279827317e+03,5.882806131591220947e+03,-3.815072202082644253e+03
5.050000000000000000e+04,1.008880275429579797e+03,5.446842061331210971e+03,-4.423681800105699949e+03
5.060000000000000000e+04,9.428024257916073338e+02,4.947952093422164580e+03,-4.980736545962945456e+03
5.070000000000000000e+04,8.851719753854966939e+02,4.400938568326804671e+03,-5.487340389718659935e+03
5.080000000000000000e+04,8.055415805224293990e+02,3.800812338572769477e+03,-5.923975949064471934e+03
5.090000000000000000e+04,7.219424711264330199e+02,3.152226790456857543e+03,-6.297626698998972643e+03
5.100000000000000000e+04,6.222049683940779232e+02,2.469207730316147718e+03,-6.604554148095938217e+03
5.110000000000000000e+04,5.195596092322792856e+02,1.762657235354141449e+03,-6.835617085363352089e+03
5.120000000000000000e+04,4.173481857773170987e+02,1.042989724016625132e+03,-6.993908696377359774e+03
5.130000000000000000e+04,3.038690441052987126e+02,3.056785885128988411e+02,-7.067565768463836321e+03
5.140000000000000000e+04,1.910545202915624259e+02,-4.387550179654544422e+02,-7.064141766039009781e+03
5.150000000000000000e+04,6.808497196188710632e+01,-1.174551610720316376e+03,-6.985469949635089506e+03
5.160000000000000000e+04,-3.934079045960450571e+01,-1.896718934044979960e+03,-6.817809673521638615e+03
5.170000000000000000e+04,-1.637101504459061232e+02,-2.599108652409498518e+03,-6.582285525109438822e+03
5.180000000000000000e+04,-2.766692249324156592e+02,-3.271666998521139249e+03,-6.271731444022828327e+03
5.190000000000000000e+04,-3.900847331444737733e+02,-3.904377912660685070e+03,-5.892947571605945996e+03
5.200000000000000000e+04,-4.900148778864934229e+02,-4.500829271670228081e+03,-5.446051380291625719e+03
5.210000000000000000e+04,-6.018469239101583526e+02,-5.036065294220326905e+03,-4.938290540994314142e+03
5.220000000000000000e+04,-6.975619440857245763e+02,-5.520468893159752042e+03,-4.378625609003258432e+03
5.230000000000000000e+04,-7.819724289684169207e+02,-5.953186433081921678e+03,-3.763730032052847037e+03
5.240000000000000000e+04,-8.561184837341121465e+02,-6.305467436232603177e+03,-3.103935293241340787e+03
5.250000000000000000e+04,-9.226383135988728554e+02,-6.595133030895050069e+03,-2.412519423360360634e+03
5.260000000000000000e+04,-9.832778568513124355e+02,-6.807716413177153299e+03,-1.703404968356643167e+03
5.270000000000000000e+04,-1.035431009182671914e+03,-6.939775609274733142e+03,-9.707129047332631444e+02
5.280000000000000000e+04,-1.070596100992205720e+03,-6.998553460075000658e+03,-2.232408090059891776e+02
5.290000000000000000e+04,-1.091722848543258579e+03,-6.981811731652758681e+03,5.321604008852364132e+02
5.300000000000000000e+04,-1.104826147394931922e+03,-6.886583418189324220e+03,1.275880816029939979e+03
5.310000000000000000e+04,-1.108416871607093981e+03,-6.708937226252843175e+03,2.002060122382752752e+03
5.320000000000000000e+04,-1.093629120211742929e+03,-6.466461818346444488e+03,2.704188546220218541e+03
5.330000000000000000e+04,-1.065673333561593608e+03,-6.141339777417482765e+03,3.384185661329730465e+03
5.340000000000000000e+04,-1.020766963100219641e+03,-5.748703155199579669e+03,4.024698864377017344e+03
5.350000000000000000e+04,-9.776390015070375057e+02,-5.296946607739841966e+03,4.608627465132609359e+03
5.360000000000000000e+04,-9.181303419389671490e+02,-4.788903752053028256e+03,5.154490323332919615e+03
5.370000000000000000e+04,-8.427942985054731935e+02,-4.215411602732899155e+03,5.640519968283065282e+03
5.380000000000000000e+04,-7.720820165146775480e+02,-3.602782639245177961e+03,6.063195558885737228e+03
5.390000000000000000e+04,-6.788794442027665355e+02,-2.953001989932484776e+03,6.422981145953191117e+03
5.400000000000000000e+04,-5.859466235753848196e+02,-2.262691513776043394e+03,6.706154607357591885e+03
5.410000000000000000e+04,-4.775342734769460549e+02,-1.547953075279841187e+03,6.906845834749829919e+03
5.420000000000000000e+04,-3.768636442500880435e+02,-8.231586248361818434e+02,7.034917202677494060e+03
5.430000000000000000e+04,-2.586669580724457091e+02,-7.673176395670893157e+01,7.096119444208898130e+03
5.440000000000000000e+04,-1.433685406552483528e+02,6.530655577469228774e+02,7.071078375423436228e+03
5.450000000000000000e+04,-2.691700193465938540e+01,1.386425327729154105e+03,6.962841033756052639e+03
5.460000000000000000e+04,8.440224594383381884e+01,2.111386845564044961e+03,6.777097382011552327e+03
5.470000000000000000e+04,1.998947582016164972e+02,2.807636047126723952e+03,6.520926219361484073e+03
5.480000000000000000e+04,3.231688275497480163e+02,3.461614340462064774e+03,6.188341397349835461e+03
5.490000000000000000e+04,4.279112539541539491e+02,4.083888351165600398e+03,5.781647885577111992e+03
5.500000000000000000e+04,5.409917837339498874e+02,4.664829079351599830e+03,5.323139919634048056e+03
5.510000000000000000e+04,6.379741025750930703e+02,5.197577819058819841e+03,4.792429199000979679e+03
5.520000000000000000e+04,7.283016339706556437e+02,5.662614823242366583e+03,4.218058412847942236e+03
5.530000000000000000e+04,8.165071755109712512e+02,6.068171536530221601e+03,3.593114749746508096e+03
5.540000000000000000e+04,8.861863532955347864e+02,6.404577282952524911e+03,2.922638940401880518e+03
5.550000000000000000e+04,9.537923700091449746e+02,6.673420240846524393e+03,2.235064497947526434e+03
5.560000000000000000e+04,1.006437258528295501e+03,6.853636437605518950e+03,1.511298504207461747e+03
5.570000000000000000e+04,1.053462718298074606e+03,6.972153692398621388e+03,7.624726998000594449e+02
5.580000000000000000e+04,1.087588407482514867e+03,7.011820590241450191e+03,1.661037165417000594e+01
5.590000000000000000e+04,1.111317546205023746e+03,6.961925595792225067e+03,-7.324818428040016443e+02
5.600000000000000000e+04,1.116540271408197214e+03,6.847999774806196911e+03,-1.468255034839397695e+03
5.610000000000000000e+04,1.116787110129871508e+03,6.652254257726145624e+03,-2.191670012784984465e+03
5.620000000000000000e+04,1.095455504394676609e+03,6.376236274299660181e+03,-2.886989825308948184e+03
5.630000000000000000e+04,1.063783466208433765e+03,6.042367851169969072e+03,-3.561970498726814185e+03
5.640000000000000000e+04,1.024503991682495553e+03,5.621382538309720076e+03,-4.184879326189291533e+03
5.650000000000000000e+04,9.695020776153050974e+02,5.151062332220658391e+03,-4.771061377651486509e+03
5.660000000000000000e+04,9.053755801256608038e+02,4.621458590023694342e+03,-5.286971991425411034e+03
5.670000000000000000e+04,8.388696027435514679e+02,4.039704915129119854e+03,-5.752693893102503353e+03
5.680000000000000000e+04,7.553730271482019134e+02,3.410193556732852358e+03,-6.164736696909350940e+03
5.690000000000000000e+04,6.619486167516093928e+02,2.753432424026457284e+03,-6.498782465027068611e+03
5.700000000000000000e+04,5.580093247345464533e+02,2.057694401517258029e+03,-6.750690136812505443e+03
5.710000000000000000e+04,4.614075589929821604e+02,1.333580187112156409e+03,-6.938715369991514308e+03
5.720000000000000000e+04,3.451104780880493195e+02,5.949908596447603486e+02,-7.044299401186718569e+03
5.730000000000000000e+04,2.343472161931286166e+02,-1.435538770422435562e+02,-7.070366042883472801e+03
5.740000000000000000e+04,1.253750031524575377e+02,-8.850457749419668971e+02,-7.027954194524224476e+03
5.750000000000000000e+04,3.480725540052729272e+00,-1.612707227912667349e+03,-6.889119207451818511e+03
5.760000000000000000e+04,-1.123426506666492202e+02,-2.321699381249911312e+03,-6.688460534436858325e+03
5.770000000000000000e+04,-2.249549354713183789e+02,-3.007086528991141222e+03,-6.399992173608935445e+03
5.780000000000000000e+04,-3.419149827729410163e+02,-3.653542359706924344e+03,-6.047841190062651549e+03
5.790000000000000000e+04,-4.548306117469896890e+02,-4.265475923198901910e+03,-5.629635092352822539e+03
5.800000000000000000e+04,-5.557885135803979892e+02,-4.834855563810544481e+03,-5.147618283482224797e+03
5.810000000000000000e+04,-6.535143061178856669e+02,-5.333311982551627807e+03,-4.600972944001272481e+03
5.820000000000000000e+04,-7.407288630979413711e+02,-5.787863650074052202e+03,-4.013735739844566524e+03
5.830000000000000000e+04,-8.308592106114516582e+02,-6.170980424421589305e+03,-3.371144620684671736e+03
5.840000000000000000e+04,-9.008248774254335558e+02,-6.484503858496936118e+03,-2.698447293704164622e+03
5.850000000000000000e+04,-9.577874265306055577e+02,-6.726437542036130253e+03,-1.995826134042202966e+03
5.860000000000000000e+04,-1.017490976229917123e+03,-6.902129954832847943e+03,-1.266409064896172140e+03
5.870000000000000000e+04,-1.057375667822255764e+03,-6.987325433848860484e+03,-5.264012278087269578e+02
5.880000000000000000e+04,-1.085164636198727976e+03,-6.993173152136327190e+03,2.220998948542681717e+02
5.890000000000000000e+04,-1.102652175821233641e+03,-6.930460020296384755e+03,9.693130005188324958e+02
5.900000000000000000e+04,-1.104036806448632888e+03,-6.784925073907186743e+03,1.706597321053846144e+03
5.910000000000000000e+04,-1.098027184688755142e+03,-6.567926010155330914e+03,2.426200938111351206e+03
5.920000000000000000e+04,-1.074013788747718763e+03,-6.274081328111348739e+03,3.110096056087790203e+03
5.930000000000000000e+04,-1.044243701061797765e+03,-5.910090783303502576e+03,3.771261846402822812e+03
5.940000000000000000e+04,-1.003406198304048985e+03,-5.488108599167187094e+03,4.380192094016690135e+03
5.950000000000000000e+04,-9.459939059160814168e+02,-4.996471367467603159e+03,4.950179358766490623e+03
5.960000000000000000e+04,-8.733051050598566007e+02,-4.451761382258740014e+03,5.452496708083267549e+03
5.970000000000000000e+04,-8.022093563090356838e+02,-3.849756141973849935e+03,5.896856168421922121e+03
5.980000000000000000e+04,-7.144507090373381288e+02,-3.211995360026824073e+03,6.288392102774028899e+03
5.990000000000000000e+04,-6.281957149543429750e+02,-2.535822062085276229e+03,6.595334183630315238e+03
6.000000000000000000e+04,-5.280134608257188802e+02,-1.842795395263949786e+03,6.839058311400145612e+03
